title,author,category,id
Thunder Rock,Carlo Fillis,Drama|Fantasy|War,1
Wordplay,Norri Patrick,Documentary,2
Wind with the Gone (El viento se llevó lo qué),Berta Rossbrooke,Comedy|Drama,3
My Wife Is a Gangster (Jopog manura),Austin Venny,Action|Comedy|Romance,4
"Touch of Zen, A (Xia nu)",Coral Djorevic,Action|Adventure,5
Zeitgeist: Moving Forward,Terrell Balderstone,Documentary,6
Temptation of a Monk (You Seng),Hilary Dearlove,Action|Adventure|Drama|Romance,7
"John Huston: The Man, the Movies, the Maverick",Galvin Darton,Documentary,8
They Only Kill Their Masters,Anabal Bryden,Mystery|Romance|Thriller,9
Law and Order,Yolane Spurier,Action|Romance|Western,10
Moon,Rorke Stott,Drama|Mystery|Sci-Fi|Thriller,11
Ossos,Allistir Crowley,Drama,12
George and the Dragon,Mair Welsby,Action|Adventure|Children|Comedy|Fantasy,13
Tigerland,Florenza Puddle,Drama,14
Captain January,Ronalda Asch,Children|Comedy|Musical,15
Snake and Crane Arts of Shaolin (She hao ba bu),Coleman Bust,Action|Drama,16
Air Force,Patience Hulme,Action|Drama|War,17
Peter Pan,Sherm Pearce,Children|Fantasy|Musical,18
Catch a Fire,Auguste Newlove,Drama|Thriller,19
Of Freaks and Men (Pro urodov i lyudey),Karita Eales,Drama,20
"Gate of Heavenly Peace, The",Emalia Blampy,Documentary,21
Brüno (Bruno),Anastassia Batts,Comedy,22
"Brief History of Time, A",Bell Cuxon,Documentary,23
Quest for a Heart (Röllin sydän),Cristy Padmore,Adventure|Animation|Children|Fantasy|Musical,24
From Here to Eternity,Corilla Suero,Drama|Romance|War,25
"Day the Fish Came Out, The",Barbaraanne Chrisp,Comedy|Sci-Fi,26
"Pompatus of Love, The",Sandra Curless,Comedy|Drama,27
Treacle Jr.,Dorie Riordan,Drama,28
Kaleidoscope,Krishnah Lindberg,Comedy|Crime,29
"Green Pastures, The",Cristine Upjohn,Drama,30
Assault of the Sasquatch (Sasquatch Assault),Odele Antonetti,Action|Horror,31
Frisk,Vaughn Oels,Drama,32
Brokeback Mountain,Ealasaid Gurling,Drama|Romance,33
"Ceremony, The (Gishiki)",Ferguson Paolino,Comedy|Drama,34
Oppai Volleyball (Oppai barê),Cindy Czapla,Comedy,35
"Man Who Haunted Himself, The",Broddie Worrall,Drama|Fantasy|Horror|Mystery|Thriller,36
Musa the Warrior (Musa),Codie Fosher,Action|Adventure|Drama|War,37
Together (Tillsammans),Cleveland Weatherby,Comedy|Drama|Romance,38
"Noose, The (Petla)",Bartlett Liggens,Drama,39
Aces 'N' Eights,Reginauld Jorczyk,Action|Adventure|Drama|Romance|Western,40
End of Suburbia: Oil Depletion and the Collapse of the American Dream,Franchot Unthank,Documentary,41
Extraction,Morrie Toms,Action,42
Sadie Thompson,Perkin McCrone,Drama,43
"Cross: The Arthur Blessitt Story, The",Jacqueline Cubbin,Documentary,44
One Direction: This Is Us,Perren Sheriff,Documentary,45
Fires Were Started,Cobbie Brocklebank,Documentary|Drama,46
Hippocrates,Ulberto Coaster,Comedy|Drama,47
My Name Is Joe,Dominica Lothean,Drama|Romance,48
Rubin and Ed,Ado Fouldes,Comedy|Drama,49
"Big Clock, The",Jayme Fassum,Crime|Film-Noir|Thriller,50
"Stranger Among Us, A",Lannie Tudgay,Crime|Drama|Romance,51
Powder Blue,Dag Faughny,Drama,52
Hounddog,Jerome De Anesy,Drama,53
True Heart,Moreen Billin,Adventure|Children|Drama,54
"Octagon, The",Idette Bedwell,Action,55
In Praise of Older Women,Marve Schwerin,Drama,56
"Legend of the 7 Golden Vampires, The",Hagen Brockett,Action|Horror,57
Mrs. Dalloway,Carce Glassford,Drama|Romance,58
Oxygen,Darby Sacher,Drama|Musical,59
"Four Horsemen of the Apocalypse, The",Ginny Walden,Drama|Romance|War,60
Gossip,Twila MacLice,Drama|Thriller,61
"Fine Mess, A",Rog Efford,Comedy,62
"SpongeBob Movie: Sponge Out of Water, The",Stavro Goodbairn,Adventure|Animation|Children|Comedy,63
In the Land of Women,Aldrich Keemar,Comedy|Drama|Romance,64
"Caveman's Valentine, The",Hilton Aloway,Drama,65
"Prisoner of Shark Island, The",Reeba Standell,Drama,66
"Adventures of Pluto Nash, The",Dunc Duckhouse,Action|Adventure|Comedy|Sci-Fi,67
Light Gradient,Cristian Menhenitt,Drama|Mystery|Romance,68
"Executioner, The",Feodor Blewett,Drama|Thriller,69
Private Benjamin,Oren Lortz,Comedy,70
"River Wild, The",Ronnica Scaddon,Action|Thriller,71
Yrrol: An Enormously Well Thought Out Movie (Yrrol - en kolossalt genomtänkt film),Melita Hidderley,Comedy,72
Frisk,Melony McCosh,Drama,73
Carbon Nation,Aidan Southan,Documentary,74
Mía,Nikkie Demeza,Drama,75
xXx: State of the Union,Lindsy Gudeman,Action|Crime|Thriller,76
One Man Up (L'uomo in più),Kora Mordanti,Comedy|Drama,77
"Legend of Suram Fortress, The (Ambavi Suramis tsikhitsa) ",Adaline Maruska,Drama,78
Cemetery Junction,Katusha Peaple,Comedy|Drama|Romance,79
"Perfect Fake, A",Deerdre Merrifield,Documentary,80
Mind Game,Darrin Tosney,Adventure|Animation|Comedy|Fantasy|Romance|Sci-Fi,81
"Dead, The",Jessalyn Brandom,Drama,82
In the Mood For Love (Fa yeung nin wa),Rebecka Kohn,Drama|Romance,83
Happy End,Carissa Bigglestone,Comedy,84
"Car 54, Where Are You?",Elsworth Ciani,Comedy,85
F/X2 (a.k.a. F/X 2 - The Deadly Art of Illusion),Milli Dike,Action|Crime|Thriller,86
High School Hellcats,Ericka Tupper,Crime|Drama,87
"Raven, The",Nicolle Formby,Comedy|Horror,88
Santa's Slay,Adi Glyssanne,Comedy|Fantasy|Horror,89
Warsaw Bridge (Pont de Varsòvia),Abbott Masey,(no genres listed),90
Outland,Carena Sutter,Action|Sci-Fi|Thriller,91
Class,Ethelin Franchi,Comedy,92
Meteor,Melisa Cudworth,Sci-Fi,93
Cry of the Banshee,Beryle Mowles,Horror,94
Prince Avalanche,Natalya Boyce,Comedy|Drama,95
"Joker Is Wild, The (All the Way)",Sigvard Mc Meekan,Drama|Musical,96
Pete Seeger: The Power of Song,Mufinella Leith,Documentary,97
Alien Abduction,Araldo Kyle,Horror|Mystery|Sci-Fi,98
Thunderpants,Grazia Washtell,Children|Comedy|Sci-Fi,99
Falling Up,Etan Dallman,Comedy|Drama|Romance,100
"Flying Saucer, The",Jorge Van der Hoven,Sci-Fi,101
Picture This,Arvin Pitcher,Comedy|Drama|Romance,102
"All This, and Heaven Too",Arabel Elster,Drama|Romance,103
Hoosiers (a.k.a. Best Shot),Pierette Shimwell,Drama|Romance,104
Seas Beneath,Rhett Cusiter,Action|Drama|War,105
Shit Year,Tedra Rickhuss,Drama,106
"Falls, The",Suki Teresa,Drama|Sci-Fi,107
Felidae,Cullan Lowdeane,Animation|Mystery|Thriller,108
"Life Apart: Hasidism in America, A",Datha Muzzini,Documentary,109
Mysterious Skin,Livy Bradberry,Drama|Mystery,110
Ra.One,Amandy Sacchetti,Action|Musical|Sci-Fi,111
Never Again,Lisbeth Gentil,Comedy|Romance,112
Pretty Poison,Emilie Sperski,Comedy|Crime|Romance|Thriller,113
Bad Company,Kimberli Flescher,Action|Comedy|Crime,114
Alone in the Wilderness,Bobbette Pendrich,Documentary,115
Pumping Iron,Meghan Hoston,Documentary,116
Windstruck (Nae yeojachingureul sogae habnida),Fifi McElrea,Comedy|Crime|Drama,117
Georgy Girl,Bobbie Semble,Comedy,118
"Wisdom of Crocodiles, The (a.k.a. Immortality)",Ulrica Phython,Romance|Thriller,119
Alphabet City,Ramsay Barcke,Crime|Drama|Thriller,120
Hank and Mike,Morie Audley,Comedy,121
Moon of the Wolf,Kelley Kann,Horror|Mystery,122
Varg Veum - Fallen Angels (Varg Veum - Falne Engler),Rorie Durnall,Crime|Drama|Thriller,123
Arsenic and Old Lace,Tymon Prestage,Comedy|Mystery|Thriller,124
E Aí... Comeu?,Isis Vallerine,Comedy,125
"Village Barbershop, The",Michail Culham,Comedy|Drama,126
Talcum Powder,Perren Meiklejohn,Comedy,127
Batman: Mystery of the Batwoman,Alwin Barbery,Action|Animation|Children|Crime,128
Death of a Salesman,Jeannine Andrew,Drama,129
Such Is Life (Así es la vida...),Lilly Lambertson,Drama|Romance,130
"Producers, The",Borden Brafield,Comedy,131
"Four Times, The (Le Quattro Volte)",Gretel Fessier,Drama,132
Cat-Women of the Moon (a.k.a. Rocket to the Moon),Orin Bowe,Adventure|Sci-Fi,133
"Rise of Catherine the Great, The",Debi Dimbleby,Drama,134
Man of the House,Osmund Webberley,Action|Comedy,135
Dante's Inferno Animated,Janith Mackilpatrick,Action|Animation|Fantasy,136
Bride Wars,Robinson Winchurst,Comedy|Romance,137
Go,Humfrid Ribbon,Comedy|Crime,138
"Last Broadcast, The",Harmony Liven,Horror|Mystery|Thriller,139
King's Ransom,Broderic Paton,Comedy|Crime,140
Still Mine,Bettye McQuode,Drama,141
Eight Iron Men,Tucker Vondrasek,Drama|War,142
Inside Job,Melitta Milton,Documentary,143
Nightwatching,Annelise Iacomo,Drama|Mystery,144
Hour of the Wolf (Vargtimmen),Jasun Dixson,Drama|Horror,145
Misconception,Georgia Habben,Documentary,146
Social Genocide (Memoria del saqueo),Layton La Croce,Documentary,147
Too Many Husbands,Goldarina Treleven,Comedy|Romance,148
Going My Way,Trenna Broek,Comedy|Drama|Musical,149
Linewatch,Mannie Smythin,Crime|Drama|Thriller,150
The Roots of Heaven,Daisy Reubens,Adventure|Drama,151
Stormy Monday,Ruperto Gillise,Crime|Drama,152
"Good Girl, The",Roch Freddi,Comedy|Drama,153
Bully,Rossy Sibbald,Documentary,154
"Velvet Vampire, The",Maddie Earngy,Fantasy|Horror,155
Watch Out for the Automobile (Beregis avtomobilya),Verna Mattussevich,Comedy|Crime|Romance,156
Orphan,Row Dexter,Drama|Horror|Mystery|Thriller,157
Aileen: Life and Death of a Serial Killer,Chrissy Matuszak,Documentary,158
All the Way Home,Cleon Spykings,Drama,159
Pendulum,Mylo Diloway,Drama,160
Alvin and the Chipmunks: The Squeakquel,Marni Orchard,Animation|Children|Comedy|Musical,161
Ride Lonesome,Tuesday Marqyes,Western,162
"Coluche, l'histoire d'un mec",Winny Jorden,Drama,163
"Bunch Of Amateurs, A",Vern Paskin,Comedy,164
Close to Leo (Tout contre Léo),Guenevere Dovidian,Drama,165
"Prophet, the Gold and the Transylvanians, The (Profetul, aurul si Ardelenii)",Janette Graundisson,Comedy|Western,166
Way... Way Out,Virgie Swabey,Comedy|Sci-Fi,167
The Magnet,Bern Harradence,Comedy,168
Pudana Last of the Line (Sukunsa viimeinen),Gaye Rosbotham,Drama,169
Through the Forest,Jamill McQuode,Drama,170
"Perfect Plan, A (Plan parfait, Un)",Jessalyn Puden,Adventure|Comedy|Romance,171
Son of Paleface,Quintina Loiterton,Action|Comedy|Romance|Western,172
Forest Warrior,Hallie Grigoriscu,Action|Adventure|Comedy|Western,173
"It's Me, It's Me (Ore Ore)",Dannie Morlon,Comedy|Drama|Sci-Fi,174
Densha otoko (Train Man),Troy Schiementz,Comedy|Romance,175
Final Cut,Giusto Pearmain,Drama,176
My Bloody Valentine,Murry Bimrose,Drama|Horror|Thriller,177
Common Threads: Stories from the Quilt,Allistir Springle,Documentary,178
Evil Roy Slade,Milzie Kondrachenko,Comedy|Western,179
American Psycho,Devin Vize,Crime|Horror|Mystery|Thriller,180
Extreme Days,Dulsea Aliman,Action|Adventure|Comedy|Drama,181
Venus in Fur (La Vénus à la fourrure),Zita Ducker,Drama,182
"2013 Rock and Roll Hall of Fame Induction Ceremony, The",Belva Ashbe,Documentary|Musical,183
Vincere,Georgie McGinnell,Drama|Romance,184
"Merry Gentleman, The",Prue Castagneto,Drama,185
Wild Gals Of The Naked West,Susette Storton,Comedy|Western,186
"Beverly Hillbillies, The",Ninon Skellern,Comedy,187
Bambou,Candra Stoeckle,Comedy,188
Cousin cousine,Bren Puttock,Comedy|Romance,189
Love Story 2050,Suzie Canto,Adventure|Comedy|Musical|Romance|Sci-Fi,190
Star!,Melisenda Girvin,Musical,191
Efectos secundarios,Ranique Broune,Comedy,192
"Naughty Room, The",Jacklyn Gobeaux,Comedy|Drama,193
Here and There (Tamo i ovde),Annadiana Sneesbie,Comedy|Drama,194
Man Made Monster,Theobald Toupe,Drama|Horror|Sci-Fi|Thriller,195
Goodbye Uncle Tom,Jecho Tayspell,Drama,196
Carpool,Mallory Wholesworth,Comedy|Crime,197
Old Gringo,Trumann O'Hickee,Drama,198
Eddie and the Cruisers II: Eddie Lives!,Alfons Gorstidge,Drama|Musical,199
35 Shots of Rum (35 rhums),Lisa Banford,Drama,200
Black Robe,Lorenzo Dalziel,Adventure|Drama,201
High School Hellcats,Marguerite Hanna,Crime|Drama,202
Shanghai Ghetto,Hatti Darwent,Documentary,203
"Name of the Rose, The (Name der Rose, Der)",Leilah Gillet,Crime|Drama|Mystery|Thriller,204
Hot Rod,Marjie Bales,Comedy,205
Drowning Mona,Brunhilde Standall,Comedy,206
Capital (Le capital),Osbourne Elmes,Drama,207
Michael,Mitchel Remnant,Comedy|Drama|Fantasy|Romance,208
Gervaise,Walsh Jancey,Drama,209
Even Angels Eat Beans,Sutton MacNeillie,Action|Comedy|Crime,210
Children Underground,Leonhard Barnes,Documentary,211
On Golden Pond,Thane Undy,Drama,212
Asterix & Obelix: God Save Britannia (Astérix et Obélix: Au service de Sa Majesté),Robbyn Pitkin,Adventure|Comedy,213
Dungeons & Dragons,Haslett Vezey,Adventure|Fantasy,214
I-See-You.Com,Jakob Unwins,Comedy,215
"Talent Given Us, The",Osbert Kerfoot,Comedy|Drama,216
Loch Ness,Homere Semper,Drama,217
Treasure Island,Sandie Hutchence,Adventure,218
"Swan Princess, The",Rebeka Wither,Animation|Children,219
Leprechaun 2,Nickie Illston,Comedy|Fantasy|Horror,220
Echelon Conspiracy,Tamarra Eborall,Action|Mystery|Thriller,221
Casshern,Tobit Gossipin,Action|Drama|Fantasy|Sci-Fi,222
Zach Galifianakis: Live at the Purple Onion,Jerrilee Brettell,Comedy|Documentary,223
Bully,Mirabelle Dudliston,Crime|Drama|Thriller,224
Napoléon,Dorian Ulyat,Drama|War,225
"Night Visitor, The",Wyndham Prendiville,Crime|Thriller,226
My Best Enemy (Mi mejor enemigo),Tessie Brannigan,Drama|War,227
Dark Water (Honogurai mizu no soko kara),Cyrus Raunds,Drama|Horror|Mystery|Thriller,228
Galaxy Quest,Zak Woltering,Adventure|Comedy|Sci-Fi,229
Drugstore Cowboy,Chelsey Garioch,Crime|Drama,230
"River Runs Through It, A",Valentine Matussevich,Drama,231
Earthsea (Legend of Earthsea),Rubi Klauber,Adventure|Drama|Fantasy,232
"8 Diagram Pole Fighter, The (a.k.a. Invincible Pole Fighter) (Wu Lang ba gua gun)",Elianora Antrim,Action|Drama,233
Young People Fucking (a.k.a. YPF),Ermina Geater,Comedy,234
Naked in New York,Arthur Hawkey,Comedy|Romance,235
Blood,Esme Call,Crime|Drama|Thriller,236
Changing Habits,Kinny Althrop,Comedy|Drama,237
Winter of Frozen Dreams,Gus Prandoni,Crime|Drama,238
Badding,Kayne Grunwald,Comedy|Drama|Musical,239
Blood and Bones (Chi to hone),Chariot Worrell,Drama,240
"Love Guru, The",Talia Humbey,Comedy,241
Impact,Brietta Jeannot,Crime|Drama,242
Caprice,Ernst Heyns,Comedy|Crime|Thriller,243
"Long Dark Hall, The",Todd Stangoe,Crime|Drama,244
The Missing,Jessey Marryatt,Crime|Drama|Mystery,245
"Day They Robbed the Bank of England, The",Rebeka Church,Crime|Drama,246
I Am Comic,Peder Pundy,Documentary,247
Jubal,Sheilakathryn Blackmoor,Western,248
"Love Nest, The",Jojo Gleave,Comedy,249
Sidewalls (Medianeras),Vere Cisco,Drama,250
Can't Help Singing,Krisha Dreger,Musical|Western,251
Conquest,Corrine Luther,Action|Adventure|Fantasy,252
Pumpkinhead,Reynolds Ownsworth,Horror,253
Fright Night,Elsbeth Radbond,Comedy|Horror|Thriller,254
Mac and Me,Martainn Gorham,Children|Fantasy|Sci-Fi,255
Bikini Summer,Drew Aspinall,Comedy,256
Zenith,Rafaello Grangier,Sci-Fi|Thriller,257
10 Questions for the Dalai Lama,Haze Sherrock,Documentary,258
"Horrible Way to Die, A ",Packston Scholar,Horror|Thriller,259
Season of the Witch,Ellswerth Samsworth,Adventure|Drama|Fantasy,260
Space Pirate Captain Harlock,Lilah Robjents,Animation|Sci-Fi,261
Outlaw of Gor,Debee Breadon,Action|Fantasy|Sci-Fi,262
Philadelphia,Tim Drewell,Drama,263
Bring on the Night,Bond Citrine,Documentary|Musical,264
Lawless Range,Othelia Trudgeon,Western,265
Cry of the City,Ivor Averall,Crime|Drama,266
Eaux d'artifice,Hilliary Greaves,Fantasy,267
Botched,Wilma Fellows,Comedy|Crime|Horror|Thriller,268
"Corbeau, Le (Raven, The)",Allin Haskins,Crime|Drama|Thriller,269
Biloxi Blues,Cristobal Lippingwell,Comedy|Drama,270
Unconditional Love,Jess Duckfield,Comedy|Drama,271
Suppose They Gave a War and Nobody Came?,Petronia Jikylls,Comedy|Drama,272
Solino,Reuven Cleare,Comedy|Drama,273
Simon,Ewart Evitts,Comedy|Sci-Fi,274
Boot Camp,Der McKearnen,Thriller,275
Night Tide,Sabrina Buesden,Drama,276
W.,Ulrikaumeko Duignan,Drama,277
Gray's Anatomy,Dorothee Wild,Comedy|Drama,278
Made of Honor,Maure Vedyaev,Comedy|Romance,279
Louise Brooks: Looking for Lulu,Christopher Bulfoot,Documentary,280
Terror of Mechagodzilla (Mekagojira no gyakushu),Ernesto Corradengo,Action|Sci-Fi,281
Major Movie Star,Fiorenze Glowinski,Adventure|Comedy|Drama|War,282
Havana,Tyler Ettritch,Drama,283
1,Winnie Hartzenberg,Sci-Fi|Thriller,284
Thirst,Mireielle Pellissier,Drama,285
"November Man, The",Gabriello Blonfield,Action|Crime|Thriller,286
"Fuehrer's Face, Der",Tibold Redgewell,Animation|War,287
Road Games (a.k.a. Roadgames),Nert Prothero,Thriller,288
Tormented,Sherlocke Duberry,Horror|Thriller,289
Arthur and the Invisibles,Taryn Camoletto,Action|Children|Fantasy,290
Amityville 1992: It's About Time,Case See,Horror,291
Times and Winds (Bes vakit),Britta Vearncombe,Drama,292
Tulsa,Jojo Serridge,Action|Drama|Romance,293
"Day The Earth Froze, The (Sampo)",Hinda Hillett,Adventure|Fantasy,294
Yesterday,Emory Wones,Drama,295
"Whole Wide World, The",Gaultiero Lobb,Drama,296
Midnight Clear,Lilian Sobtka,Drama,297
"Late Quartet, A",Hadlee Swalough,Drama,298
Her Highness and the Bellboy,Leslie Yeatman,Comedy|Romance,299
Imagine: John Lennon,Shawna Stiven,Documentary,300
Stay,Adriano Biggs,Thriller,301
The African,Matthaeus Johns,Adventure|Comedy,302
Loaded Weapon 1 (National Lampoon's Loaded Weapon 1),Kristen Davers,Action|Comedy,303
Endgame: Blueprint for Global Enslavement,Vonnie Cuttings,Documentary,304
BookWars,Guntar Finnan,Comedy|Crime|Documentary,305
Exodus (Cheut ai kup gei),Jeane Foucard,Comedy|Crime|Drama,306
Das Lied in mir,Nadia Naisbitt,Drama,307
Behind Enemy Lines,Waneta Hassen,Action|Drama|War,308
Wooden Crosses (Les croix de bois),Juliana Creany,Drama|War,309
Sophie's Revenge (Fei chang wan mei),Roda Heatly,Comedy|Romance,310
Gates of Heaven,Phil Rennie,Documentary,311
"Art of War II: Betrayal, The",Norby Gamlyn,Action|Thriller,312
"Witches, The",Nollie Swadden,Children|Fantasy,313
Not Without My Daughter,Cris Lanchbury,Drama,314
Silent Night,Kelley Skirling,Horror,315
Cockneys vs Zombies,Peyter Girkins,Comedy|Horror,316
This Is My Father,Maddi O' Neligan,Drama|Romance,317
Cyborg 2: Glass Shadow,Quillan Basketter,Action|Sci-Fi|Thriller,318
Why Be Good?,Abeu Clampe,Comedy|Romance,319
Sand Sharks,Sharia Baldacchi,Comedy|Horror|Sci-Fi|Thriller,320
Middle Men,Penelope Scholling,Comedy|Crime|Drama,321
Sut (Milk),Bowie Howland,Drama,322
Herbie Goes Bananas,Kalinda Etock,Adventure|Children|Comedy,323
"Veteran, The",Rossy Cauldfield,Action|Thriller,324
Bunraku,Arlyne Feathersby,Action|Drama|Fantasy,325
Howling III: The Marsupials,Katine Bonelle,Comedy|Horror,326
"Kennedys, The",Nomi Stute,Drama,327
Under the Domim Tree (Etz Hadomim Tafus),Omero Chesney,Drama,328
"Two Days, One Night (Deux jours, une nuit)",Ewan Bernakiewicz,Drama,329
Love and Honor,Dallis Lillow,Drama|Romance|War,330
In the Mouth of Madness,Leonid Cason,Horror|Thriller,331
"Love Guru, The",Elonore Crasswell,Comedy,332
White Mane (Crin blanc: Le cheval sauvage),Corri Whitrod,Drama,333
If a Man Answers,Arnoldo Acuna,Comedy,334
Crawlspace,Daisey Cawthera,Horror|Mystery|Sci-Fi|Thriller,335
"Dupes, The (Al-makhdu'un)",Alonso Gonoude,Drama,336
Battle of Los Angeles,Bari Bohden,Action|Sci-Fi,337
"Myth, The (San wa)",Kenna Simmons,Action|Adventure|Comedy|Fantasy,338
Remember Sunday,Antoinette Wrigglesworth,Drama|Romance,339
Only the Young,Layla Geggus,Documentary,340
"All This, and Heaven Too",Mindy Baleine,Drama|Romance,341
And the Band Played On,Dodi Swire,Drama,342
King Kong,Rosita Perago,Action|Adventure|Drama|Fantasy|Thriller,343
"Power of Kangwon Province, The (Kangwon-do ui him)",Norman Locker,Drama,344
Two Night Stand,Gusella Grigoletti,Comedy|Romance,345
Diary of a Wimpy Kid: Dog Days,Lida McKeighan,Children|Comedy,346
Godzilla vs. Biollante (Gojira vs. Biorante) ,Fara Drew,Action|Sci-Fi,347
"Bon Voyage, Charlie Brown (and Don't Come Back!)",Odelinda Wheadon,Animation|Children|Comedy,348
"Woman, The",Shannah Neild,Horror,349
"Stickup, The",Ynez Foulcher,Action|Crime|Mystery,350
Kill Me Please,Gerardo Hallard,Comedy,351
Posse,Mark Tume,Western,352
"Good Woman, A",Tamera Krates,Comedy|Drama|Romance,353
Remember Me,Filmore Inskipp,Drama|Romance,354
Night Gallery,Abrahan Lambe,Horror|Mystery,355
Who Killed Bambi? (Qui a tué Bambi?),Cassie Harcarse,Drama|Thriller,356
Wild Guitar,Norah Cundey,Drama|Musical|Romance,357
Son of a Gun,Kirby Blackboro,Action|Crime|Drama,358
Kill! (Kiru),Chastity Dunklee,Action|Comedy|Drama,359
My Brother Tom,Sancho Berndsen,Drama,360
"Extremely Goofy Movie, An",Ora Hext,Animation|Children|Comedy,361
Frosty the Snowman,Babara Milazzo,Animation|Children|Comedy|Fantasy|Musical,362
Puppet Master 5: The Final Chapter,D'arcy Tweddell,Horror|Sci-Fi|Thriller,363
Barbie in the Nutcracker,Yevette Townsend,Animation|Children|Musical,364
"Hole in the Head, A",Josi Cappel,Comedy|Musical,365
Sunday,Brewster Iorizzi,Drama|Romance,366
My Name Is Julia Ross,Karalee Sollon,Drama|Film-Noir|Mystery,367
Miracle on 34th Street,Lukas Cars,Drama,368
Daffy Duck's Quackbusters,Sidonia Burrass,Animation|Children|Comedy|Horror,369
Lightning Bolt: The Power of Salad,Corissa Higounet,Documentary,370
"Childhood of Maxim Gorky, The (Detstvo Gorkogo)",Valentijn Reddick,Drama,371
Thomas Jefferson,Cordie Etty,Documentary,372
"OSS 117: Cairo, Nest of Spies (OSS 117: Le Caire nid d'espions)",Theodosia Agent,Adventure|Comedy|Crime,373
Father's Little Dividend,Melosa Kirman,Comedy|Romance,374
The Vixen,Darnall Epsly,Comedy,375
"Boat, The",Chelsea Goodyear,Comedy,376
Inquire Within,Kearney Martyntsev,Comedy,377
Anguish (Angustia),Harmony Kubecka,Horror,378
Crime Zone,Cheslie Tinsley,Action|Film-Noir|Sci-Fi,379
Hercules,Giordano Pavlishchev,Adventure|Animation|Children|Comedy|Musical,380
Venus Beauty Institute (Vénus beauté),Shamus Zukierman,Comedy|Drama|Romance,381
Panic in the Streets,Marta Boerderman,Crime|Drama|Film-Noir|Thriller,382
"Fireman, The",Hephzibah Orto,Comedy,383
"Crowd, The",Christopher Brake,Drama,384
Berlin Babylon,Athena Nanninini,Documentary,385
It's in the Water,Rudyard McGiff,Comedy,386
Obvious Child,Micaela Minchenton,Comedy|Romance,387
Black Dog,Milissent Josipovic,Action|Thriller,388
New Scenes from America,Gwenore Rosini,Documentary,389
"Spanish Prisoner, The",Clotilda Crighton,Crime|Drama|Mystery|Thriller,390
Go,Gris Beetles,Comedy|Crime,391
By Dawn's Early Light,Avivah Branford,Action|Drama|Thriller,392
"Tempest, The",Ted Gapper,Drama,393
"Sitter, The",Bartholomeus Haworth,Comedy,394
Crime Wave,Tera Griffe,Adventure|Comedy,395
"Red Bear, A (Un oso rojo)",Frannie Birney,Crime|Drama|Thriller,396
Sons of Katie Elder,Storm Powderham,Western,397
Breathing Fire,Aryn Defrain,Action,398
Onionhead,Stanley Hucknall,(no genres listed),399
"Gymnast, The",Serge Danbrook,Drama|Romance,400
Sophie Scholl: The Final Days (Sophie Scholl - Die letzten Tage),Tamera Langton,Drama|War,401
Windstruck (Nae yeojachingureul sogae habnida),Emma Myles,Comedy|Crime|Drama,402
Miracle Run,Evelina Crohan,Drama,403
"Slight Case of Murder, A",Desi Jizhaki,Comedy|Crime,404
Rocks in my Pockets,Frannie Kemson,Animation|Comedy|Drama,405
Footloose,Tania Caile,Comedy|Drama|Musical,406
Ordinary Sinner,Boris Vanyashin,Drama|Romance,407
Hide Your Smiling Faces,Verney Grenshiels,Drama,408
Desire: The Vampire,Inglebert Amis,Crime|Horror|Thriller,409
"Ultramarines: A Warhammer 40,000 Movie",Georgia Offener,Animation|Sci-Fi,410
Train,Loise Wych,Horror|Thriller,411
Love and Death on Long Island,Niccolo Mathewson,Comedy|Drama,412
"Mackintosh Man, The",Verile Killoran,Action|Drama|Thriller,413
"Hudsucker Proxy, The",Perkin Spittles,Comedy,414
Boogie Man: The Lee Atwater Story,Bel Mellmoth,Documentary,415
"Fallen Idol, The",Ryon Ratnage,Drama|Mystery|Thriller,416
Easy Street,Tatiana Mundwell,Comedy,417
Amores Perros (Love's a Bitch),Noll Crocker,Drama|Thriller,418
"Naked Spur, The",Karry Trotton,Western,419
Brideshead Revisited,Haily Boniface,Drama,420
Mamma Roma,Willamina Marvel,Drama,421
Dark of the Sun,Keith Hockey,Action|Adventure|Drama|War,422
London Boulevard,Angil Goward,Crime|Romance,423
When Love Is Not Enough: The Lois Wilson Story,Jamison Issit,Drama,424
Welcome to New York,Norina Minney,Drama,425
"Fortune Cookie, The",Trent Aysh,Comedy|Drama|Romance,426
"Bells of St. Mary's, The",Creigh Youde,Drama,427
Hear No Evil,Renado Eke,Thriller,428
"OSS 117: Cairo, Nest of Spies (OSS 117: Le Caire nid d'espions)",Neville Storkes,Adventure|Comedy|Crime,429
"Man Who Planted Trees, The (Homme qui plantait des arbres, L')",Theresa Anersen,Animation|Drama,430
"Double, Double, Toil and Trouble",Mandi Lopes,Adventure|Children|Comedy|Fantasy|Horror,431
Ghosts of Mississippi,Erna O' Donohoe,Drama,432
Deewaar,Ardenia Hubbucke,Action|Crime|Drama|Thriller,433
In Cold Blood,Jasen Udie,Crime|Drama,434
Kickin It Old Skool,Marena McCurt,Comedy,435
Death Proof,Lukas Burnsyde,Action|Adventure|Crime|Horror|Thriller,436
"Perils of Pauline, The",Willie Marcinkus,Action,437
Black Like Me,Kimberley Sives,Drama,438
Balance,Parke Binford,Animation|Drama|Mystery|Sci-Fi|Thriller,439
Flatfoot on the Nile (Piedone d'Egitto),Tresa Bediss,Action|Comedy|Crime,440
Rapture (Arrebato),Derril Goslin,Drama|Horror,441
Bolero,Celestine Barnicott,Drama|Romance,442
X-Men: First Class,Trixy Ranahan,Action|Adventure|Sci-Fi|Thriller|War,443
"All Dogs Christmas Carol, An",Thatch Urien,Animation|Children|Comedy|Musical,444
"Amazing Adventure, The (a.k.a. The Amazing Quest of Ernest Bliss)",Ranee Antoniazzi,Comedy|Drama|Romance,445
Falling Up,Hillary Roiz,Comedy|Drama|Romance,446
Tube Tales,Anabel Hebblewhite,Drama,447
Big Girls Don't Cry (Große Mädchen weinen nicht),Gualterio Littleton,Drama|Romance,448
The Hearse,Ilise Whittall,Drama|Horror|Mystery,449
"American Nightmare, The",Hamnet Forbear,Documentary,450
Flowers in the Attic,Kat Edwick,Drama|Thriller,451
"Companeros (Vamos a matar, compañeros)",Ariella Havick,Comedy|Western,452
Inventing the Abbotts,Tyler Bellerby,Drama|Romance,453
The Cabin in the Cotton,Kimbell Shillaber,Drama,454
Three Stars,De witt Mompesson,Documentary,455
Captain Phillips,Dukie Samways,Adventure|Drama|Thriller|IMAX,456
Lake Tahoe,Ambros Joutapavicius,Drama,457
Charlie Chan's Greatest Case,Willamina Penwell,Mystery,458
Inseparable,Tudor Blofeld,Comedy|Drama|Mystery|Thriller,459
"Seduction of Joe Tynan, The",Aldwin Fincken,Drama,460
One 2 Ka 4,Zonda Reynoldson,Action|Comedy|Drama,461
Marooned in Iraq (Gomgashtei dar Aragh),Jenine Edards,Drama,462
Come Early Morning,Barbette Silverthorn,Drama|Romance,463
Masked & Anonymous,Michelle Blazhevich,Comedy|Drama,464
Riki-Oh: The Story of Ricky (Lik Wong),Jamey Hembling,Action|Crime|Thriller,465
Go Tell the Spartans,Marcello Celloni,Drama|War,466
Son in Law,Duane Kenafaque,Comedy|Drama|Romance,467
Age of Heroes,Greer Whittuck,Action|Adventure|Drama|Thriller|War,468
Strange Brew,Nathanil Spurritt,Comedy,469
Onmyoji (Onmyoji: The Yin Yang Master),Otho Yurukhin,Action|Drama|Fantasy|Horror,470
Jim Breuer: And Laughter for All,Teodoro Pietroni,Comedy,471
Ike: Countdown to D-Day,Gaby Thams,Action|Adventure|Drama|War,472
8 Mile,Kial Toler,Drama,473
Tropico,Chen MacAfee,Drama|Fantasy|Romance,474
"Rich, Young and Pretty",Dudley Davidow,Comedy|Musical|Romance,475
Infernal Affairs III (Mou gaan dou III: Jung gik mou gaan),Andy Bonicelli,Action|Crime|Drama|Thriller,476
Ca$h,Maurits Tunmore,Action|Comedy|Crime|Thriller,477
Britannia Hospital,Sashenka Glave,Comedy|Drama,478
"Marquise of O, The (Marquise von O..., Die)",Thane Isles,Drama,479
14 Hours (Fourteen Hours),Kimbra Sante,Drama|Film-Noir|Thriller,480
Brooklyn Rules,Jorge Vamplers,Crime|Drama|Romance,481
Makai Tensho: Samurai Reincarnation (Makai tenshô),Filberte Durram,Action|Fantasy|Horror,482
Mystery (Fu cheng mi shi),Rodolphe Osgodby,Crime|Mystery|Thriller,483
Road to Singapore,Luisa Caulder,Comedy|Musical,484
Central Station (Central do Brasil),Bay Grioli,Drama,485
Corky Romano,Gretchen Belch,Comedy|Crime,486
"No God, No Master",Bridgette Mumby,Crime|Drama|Thriller,487
Sisters,Wat Manchester,Horror|Thriller,488
Ghostbusters II,Cordie Mival,Comedy|Fantasy|Sci-Fi,489
In Your Hands (Forbrydelser),Stearn Gettins,Drama,490
Dragon Day,Jenilee Cockle,Drama|Sci-Fi|Thriller,491
The Last of the Finest,Lexie Christoffersen,(no genres listed),492
Feast of July,Tobin Huett,Drama,493
Point and Shoot,Dayle Hallibone,Documentary,494
Joy Ride,Reginauld Baszniak,Adventure|Thriller,495
Aladdin,Parry Coleiro,Adventure|Animation|Children|Comedy|Musical,496
"Princess and the Pirate, The",Brewer Simants,Adventure|Comedy|Romance,497
"Interrupters, The",Marshall Bromby,Documentary,498
"Claire's Knee (Genou de Claire, Le)",Craggy Meaking,Comedy|Romance,499
Crimi Clowns: De Movie,Margarete Robberts,Comedy|Crime|Drama,500
Bestiaire,Cicely MacNeish,Documentary,501
The Whisperer in Darkness,Glori O'Scanlon,Horror|Mystery|Sci-Fi|Thriller,502
Hamlet,Jermaine Kenvin,Drama,503
Steel Magnolias,Yoshiko Murby,Drama,504
28 Hotel Rooms,Rutledge Babonau,Drama,505
G.I. Joe: Operation Dragonfire,Winifred Yurin,Action|Animation,506
"Little Colonel, The",Gregg De Roberto,Children|Comedy|Crime|Drama,507
Panic Button,Fitzgerald Samwell,Horror|Thriller,508
Witchboard,York Keeffe,Horror|Mystery|Thriller,509
Sanatorium,Haslett O'Neil,Thriller,510
High Test Girls,Faulkner Cabena,Comedy|Fantasy,511
Untamed Youth,Darius Speller,Drama,512
Lost Horizon,Allan Story,Drama,513
Santa Fe,Horatio Bertolin,Action|Romance|Western,514
Melvin Goes to Dinner,Addie Coller,Comedy|Drama,515
The Count of Monte Cristo,Si Filochov,Action|Adventure|Drama|Romance|Thriller,516
"Island, The",Nico Escreet,Adventure|Horror|Thriller,517
Teorema,Ilene Tompion,Drama,518
Police State,Maridel Feldbrin,Drama,519
"Hello, Dolly!",Madelena McGready,Comedy|Musical|Romance,520
Draft Day,Annice Risborough,Drama,521
"Wedding Night, The",Bernadine Coste,Drama|Romance,522
Superman Unbound,Bronnie Treves,Action|Adventure|Animation,523
Slaughter,Annelise Castelijn,Horror|Thriller,524
Christmas Vacation (National Lampoon's Christmas Vacation),Dulcinea Dawidsohn,Comedy,525
History of Postwar Japan as Told by a Bar Hostess (Nippon Sengoshi - Madamu onboro no Seikatsu),Sheelah Bysshe,Documentary,526
Hardball,Orren Poulsum,Drama,527
"River Why, The",Gus Preble,Drama,528
Love Story,Shalom Mallia,Drama|Romance,529
Shoot on Sight,Julina Lofthouse,Crime|Drama,530
Deathstalker,Niven Bingham,Action|Adventure|Fantasy,531
Let's Not Keep in Touch!,Ignacius Falkner,Comedy,532
Jane Eyre,Marci Fardon,Drama|Romance,533
"Bûche, La",Carlo Baterip,Comedy|Drama,534
"Hand, The (Ruka)",Linet Pollock,Animation,535
Cadence,Brandon Ludewig,Drama,536
Flash of Genius,Alejandrina Wardel,Drama,537
My Amityville Horror,Cesar Duignan,Documentary,538
Hard Times,Merissa Ethington,Action|Drama,539
Thirteen,Wilbur Scoggins,Drama,540
Now and Forever,Alwyn Thirlwell,Drama|Romance,541
"Unreasonable Man, An",Carley Nason,Documentary,542
5x2,Cherilyn Oxherd,Drama|Romance,543
"Sky Crawlers, The (Sukai kurora)",Flore Confait,Adventure|Animation|Drama,544
Into the Arms of Strangers: Stories of the Kindertransport,Heall Jablonski,Documentary,545
Tokyo Twilight (Tôkyô boshoku),Edna Stallworth,Drama,546
On Any Sunday,Pincus Ricks,Documentary,547
Coming Out,Charmian Scales,Drama,548
Tom Sawyer,Ermanno Gilleon,Adventure,549
Wilson,Jandy Sommerland,Drama,550
Tactical Force,Nevil Pietrzyk,Action|Comedy|Crime|Thriller,551
"Short Film About John Bolton, A",Anett Absolon,Fantasy|Horror|Mystery,552
"Godzilla, King of the Monsters! (Kaijû-ô Gojira)",Raymund Gerrelt,Horror|Sci-Fi,553
Intimidation,Katharina Jerrams,Crime|Drama|Mystery,554
Cargo,Libbey Gainsburgh,Drama|Thriller,555
Kevin & Perry Go Large,Ruddie Westall,Comedy,556
Paint Your Wagon,Rowan Le Pine,Comedy|Musical|Western,557
Slumber Party Massacre III,Rosemaria Joinson,Horror,558
"Escort, The (Scorta, La)",Modestia Pennyman,Crime|Thriller,559
These Girls,Linnet Garred,Comedy,560
"Swan Princess: The Mystery of the Enchanted Treasure, The",Quincy Rains,Animation|Children|Fantasy|Mystery,561
Margaret Cho: Assassin,Helga Velten,Comedy,562
Cradle 2 the Grave,Judith McCuffie,Action|Crime|Drama|Thriller,563
Vampire in Brooklyn,Wolfy Bartosch,Comedy|Horror|Romance,564
"Octopus, The (Le poulpe)",Daisie Challace,Comedy|Crime|Thriller,565
Endgame: Blueprint for Global Enslavement,Enrico Bridel,Documentary,566
Rudolph the Red-Nosed Reindeer: The Movie,Alikee Suston,Animation|Children,567
"In-Laws, The",Giana Coite,Comedy,568
Pirates of the Caribbean: On Stranger Tides,Jeffie Winspeare,Action|Adventure|Fantasy|IMAX,569
To.get.her,Valentin MacCrann,Drama|Mystery|Thriller,570
Summer Catch,Nina Peschka,Comedy|Romance,571
Nothing Personal,Kinny Burnard,Drama,572
British Intelligence,Linzy Longhirst,Drama,573
Operation Crossbow,Karmen Bernhardi,Action|Adventure|War,574
Broadcast News,Dawn Stango,Comedy|Drama|Romance,575
Castle of Blood,Isidoro Lambeth,Horror,576
Whoopi Goldberg Presents Moms Mabley,Demeter McCheyne,Documentary,577
Quid Pro Quo,Zachariah Kopje,Drama|Thriller,578
Homage,Dav Stallard,Drama,579
Solaris (Solyaris),Teodorico Lowther,Drama|Mystery|Sci-Fi,580
"Counterfeit Traitor, The",Roman Tallent,Thriller|War,581
"Cutting Edge: The Magic of Movie Editing, The",Bobette Keeri,Documentary,582
"Flaw, The",Jeralee Dyet,Documentary,583
Sagebrush Trail,Felic Dalli,Western,584
Mugabe and the White African,Kenna Leggatt,Documentary,585
Keep the Lights On,Cullin Corby,Drama,586
Better Living Through Chemistry,Tana Grange,Comedy|Drama,587
Wilbur Wants to Kill Himself,Garvey MacGeaney,Comedy|Drama|Romance,588
"Experiment, The",Caryl Braben,Drama|Thriller,589
"Way I Spent the End of the World, The (Cum mi-am petrecut sfarsitul lumii)",Minetta Harden,Drama,590
The Man Who Shook the Hand of Vicente Fernandez,Rheba Tousy,Comedy|Drama|Western,591
100 Men and a Girl (One Hundred Men and a Girl),Karlen Simoneschi,Comedy,592
Identity Thief,Monte Staning,Comedy|Crime,593
Midnight Madness,Gail Paff,Comedy,594
"Chronicles of Riddick, The",Ashley Driussi,Action|Sci-Fi|Thriller,595
Brother (Brat),Jenny Robottom,Crime|Drama,596
"Powerpuff Girls, The",Deidre Giampietro,Action|Animation|Children|Comedy,597
Hell Town (Born to the West),Sylas Toohey,Romance|Western,598
Love Hina Again,Brod Rupprecht,Animation|Comedy|Drama,599
Laila,Krisha Bauldry,Drama|Romance,600
"Pickle, The",Belvia Birnie,Comedy,601
Raw Deal,Milka Trye,Film-Noir,602
Over Her Dead Body,Barb Golthorpp,Comedy|Fantasy|Romance,603
The Well,Kalie Hartgill,Drama|Film-Noir|Thriller,604
Raising Cain,Penrod Collaton,Horror|Thriller,605
"Gentle Woman, A (Une femme douce)",Juliana Roblett,Drama,606
Advantageous,Garek Ambresin,Children|Drama|Sci-Fi,607
Salvatore Giuliano,Quinn Comino,Crime|Drama|War,608
Pardon Us,Bank Lenaghen,Comedy|Crime|Drama|Musical,609
Jinxed!,Giorgi Moorman,Comedy,610
3 Backyards,Addi Pendrey,Drama,611
Wedlock,Stacee Ansill,Action|Crime|Drama|Sci-Fi|Thriller,612
Anything Goes,Lane Braune,Musical,613
Swamp Thing,Case Child,Horror|Sci-Fi,614
Darling,Costa Oxborough,Drama,615
Limuzins Janu nakts krasa,Karna Basset,Comedy|Drama,616
Hell Is for Heroes,Bird Sirr,Drama|War,617
Zeitgeist: The Movie,Gregoire Thompkins,Documentary|War,618
My Best Friend's Girl,Lannie Swinden,Comedy|Romance,619
Dog Day Afternoon,Will Toffolo,Crime|Drama,620
Anna Karenina,Ave Slingsby,Drama|Romance,621
Return with Honor,Aland Allchorne,Documentary,622
Open Range,Tamqrah Tine,Western,623
Hoosiers (a.k.a. Best Shot),Lettie De Blase,Drama|Romance,624
Butterflies Are Free,Jeannette O' Dooley,Comedy|Drama,625
I Accuse,Thorndike O'Haire,Drama|Horror|Sci-Fi|War,626
Woodstock,Chad Aslen,Documentary|Musical,627
"Mexican, The",Pippa Righy,Action|Comedy,628
Sleeping Beauty,Olenolin Duckers,Drama,629
Bad Boys II,Constance McCrea,Action|Comedy|Crime|Thriller,630
Against The Sun,Eolande Vettore,Adventure,631
Frisk,Sibel Herley,Drama,632
"Decline of the American Empire, The (Déclin de l'empire américain, Le)",Caty Beresford,Comedy|Drama,633
Planes,Yoshi Elder,Adventure|Animation|Comedy,634
Blood and Concrete (Blood & Concrete: A Love Story),Shelton Ficken,Comedy|Crime,635
Valhalla,Zebulen Dyte,Adventure|Animation|Children|Fantasy,636
Ivans xtc.,Stella Anscott,Drama,637
All Tomorrow's Parties,Kari Treasure,Documentary|Musical,638
"Soviet Story, The",Jessee Gammet,Documentary,639
Tai Chi Hero,Silvia MacLeese,Action|Comedy|Drama|Fantasy|Sci-Fi|IMAX,640
"Honey, I Shrunk the Kids",Glenn Baress,Adventure|Children|Comedy|Fantasy|Sci-Fi,641
How the Grinch Stole Christmas (a.k.a. The Grinch),Paola Worthy,Children|Comedy|Fantasy,642
"Home Song Stories, The",Maurene Ambrozik,Drama,643
"Reluctant Fundamentalist, The",Ed Kemshell,Drama,644
With Fire and Sword (Ogniem i mieczem),Bradley Sheard,Adventure|Crime|Drama|Romance|War,645
"Great Muppet Caper, The",Gennifer Skehens,Children|Comedy,646
Magical Mystery Tour,Ardeen Sodory,Comedy|Musical,647
"Shine of Rainbows, A",Bab Bouldon,Drama,648
"Hunchback of Notre Dame, The",Levy Feronet,Drama|Horror,649
Contagion / Bio Slime,Davidde Dalgety,Horror,650
Island,Cherry Toun,Drama|Mystery|Thriller,651
Happy Birthday to Me,Philippine Friary,Horror|Mystery,652
Magic in the Water,Junie Jurczik,Adventure|Children|Fantasy,653
"Princess and the Warrior, The (Krieger und die Kaiserin, Der)",Joice Bampforth,Drama|Romance,654
Edge of Fear (Ella y el miedo),Chickie Abrahamson,Horror,655
"Battle for Marjah, The",Gery Thorby,Documentary|War,656
Charly,Corilla Jellico,Comedy|Drama|Romance,657
Great Day in the Morning,Rosemaria Shervil,Western,658
In This World,Rustie Doorly,Adventure|Drama,659
Star Trek,Sacha Di Pietro,Action|Adventure|Sci-Fi|IMAX,660
Thrust in Me,Bernardina Pheby,(no genres listed),661
"Walking Dead, The",Eberhard Goodoune,Crime|Horror|Sci-Fi,662
Twelve Angry Men,Audrie Lemm,Drama,663
Our Fathers,Yves Bathurst,Drama,664
"Promise, The (Wu ji)",Torre Stode,Action|Drama|Fantasy,665
"Greatest, The",Charlton Praton,Drama|Romance,666
Scream 4,Ty Rizzelli,Comedy|Horror|Mystery|Thriller,667
City Hunter (Sing si lip yan),Viva Balsdon,Action|Comedy|Romance,668
Man Of The Moment,Jarrad Labrone,Comedy,669
The Biggest Bundle of Them All,Ulrikaumeko Oxberry,Comedy|Crime,670
When Will I Be Loved,Rheba Knowler,Drama,671
"Legend of Leigh Bowery, The",Giralda Doniso,Documentary,672
36 Crazy Fists (San shi liu mi xing quan),Bonita Fairnie,Action|Comedy|Drama,673
Played,Phoebe Whittam,Crime|Thriller,674
Experience Preferred... But Not Essential,Teodora Januszewicz,Drama,675
Myra Breckinridge,Christoffer Matuschek,Comedy,676
Import/Export,Rafa Bartoli,Drama,677
Erkan & Stefan 2,Regen McMaster,Comedy,678
Herr Lehmann,Wilfrid Goodson,Comedy|Drama,679
Last Days Here,Conney Case,Documentary,680
"Beaver, The",Kimmi Maddick,Drama,681
Mercury Rising,Lefty Rudd,Action|Drama|Thriller,682
"Kevin Nealon: Whelmed, But Not Overly",Genna Urling,Comedy,683
How to Lose a Guy in 10 Days,Evania Caney,Comedy|Romance,684
Devil in a Blue Dress,Sammy Broadberrie,Crime|Film-Noir|Mystery|Thriller,685
Green Light,Darcie Proudlock,Drama|Romance,686
Looking for Mr. Goodbar,Torin Bruhke,Drama,687
Battlestar Galactica: Blood & Chrome,Filberto Kliemchen,Sci-Fi,688
Social Genocide (Memoria del saqueo),Daisey Busse,Documentary,689
Hamlet (Gamlet),Daven Fisk,Drama,690
"Patch of Blue, A",Damon Daveridge,Drama|Romance,691
"Loco Love (Mi Casa, Su Casa)",Rhonda Delgua,Comedy,692
God Is the Bigger Elvis,Loni Ratledge,Documentary,693
Magic Trip,Phillipp Gimlet,Documentary,694
Princesas,Amargo Chomicki,Drama,695
Brides of Dracula,Clerkclaude Maryan,Horror,696
Mercy ,Daven Talbot,Horror|Thriller,697
Birdcage Inn (Paran daemun),Farrel Kinge,Drama,698
Bombón: El Perro (El perro),Grete Cawood,Comedy|Drama,699
Day of the Wacko (Dzien swira),Alene Fish,Comedy|Drama,700
Black Moon Rising,Debbi Maskrey,Action|Crime|Sci-Fi|Thriller,701
"Last of the High Kings, The (a.k.a. Summer Fling)",Kalie Jobson,Comedy|Drama,702
Table No.21,Baron Cubbino,Drama|Thriller,703
Cranford,Remus Curteis,Drama,704
Crawlspace,Conrad Binfield,Horror|Thriller,705
Luther,Anabelle Flaxon,Drama,706
"Merry Widow, The",David Shellum,Drama|Romance,707
Road North (Tie pohjoiseen),Orsola De Freyne,Comedy|Drama,708
"Bronx Tale, A",Bibby Anneslie,Drama,709
"Stationmaster Is on Fire - The Movie, That Is!, The (Stinsen brinner... filmen alltså)",Waiter Saunton,Comedy|Musical,710
17 Girls (17 filles),Juli Noni,Drama,711
Embrace of the Vampire,Ashton Rait,Horror|Thriller,712
"Freshman, The",Had Tappington,Comedy,713
Georgia,Oneida Minter,Drama,714
"O Auto da Compadecida (Dog's Will, A)",Vincenz Grime,Adventure|Comedy,715
Helen of Troy,Isak Wyrall,Action|Adventure|Drama|Romance,716
Carry on Cruising,Thurston Adolfsen,Comedy|Romance,717
"Forbidden Kingdom, The",Vincenz Sleit,Action|Adventure|Comedy|Fantasy,718
Legends of Oz: Dorothy's Return,Minny Pace,Animation|Children|Musical,719
Halloween III: Season of the Witch,Richmound Crotty,Horror,720
Victor/Victoria,Zane Jerromes,Comedy|Musical|Romance,721
Bikes vs Cars,Bone Erat,Documentary,722
Horse Feathers,Alexine Widdows,Comedy,723
Just Ask My Children,Mayer Knightsbridge,Drama,724
Territories ,Aleece Spilisy,Crime|Horror,725
Wolfsburg,Pascal Farquhar,Drama,726
Chappie,Elane Inchcomb,Action|Thriller,727
Light It Up,Elton Kilrow,Drama,728
Tuareg: The Desert Warrior (Tuareg - Il guerriero del deserto),Tobe Dunks,Action|Adventure,729
"Crazy Class Wakes Up, The (Hababam sinifi uyaniyor)",Marita Kleinhaus,Comedy,730
The Clowns,Ulrike Moxon,Comedy|Drama|Fantasy|Sci-Fi,731
Mars Needs Moms,Robbert Iskov,Action|Adventure|Animation|Children|Comedy|Sci-Fi|IMAX,732
Something Wicked This Way Comes,Beatrisa Leil,Children|Drama|Fantasy|Mystery|Thriller,733
Jimmy Carter Man from Plains,Karia Gething,Documentary,734
My Louisiana Sky,Shelley O'Kinedy,Drama,735
Peg o' My Heart,Delilah Carnie,Drama|Romance,736
Wrong Turn 3: Left for Dead,Mariejeanne Aldcorne,Horror,737
Animal Love (Tierische Liebe),Hetti Miner,Documentary,738
Hi-Life,Florida Thurlby,Comedy|Romance,739
"Host, The (Gwoemul)",Shawna Dottridge,Comedy|Drama|Horror|Sci-Fi|Thriller,740
Coffin Rock,Vinson Radsdale,Thriller,741
Sabah,Robers Chippin,Comedy|Drama|Romance,742
Jurassic Park III,Bennie Stitson,Action|Adventure|Sci-Fi|Thriller,743
Free Willy 3: The Rescue,Darlleen Charlon,Adventure|Children|Drama,744
"Visitors, The",Woodman Botler,Crime|Drama|Thriller,745
Marilena de la P7,Georgeanne Thirkettle,Drama|Fantasy,746
Linsanity,Juliette Shivell,Documentary,747
"Heart Is a Lonely Hunter, The",Darda Laxson,Drama,748
Guts (Agallas),Eleanore Gorch,Action|Crime,749
Two Guys Talkin' About Girls,Elmo Ledwich,Comedy|Drama|Romance,750
"Hireling, The",Dorene Frank,Drama,751
Ping Pong,Lacey Nuzzetti,Documentary,752
Angel,Cly Lorans,Action|Crime|Thriller,753
Life in Flight ,Ethelyn Nelligan,Drama,754
Dumbo,Edd Cruwys,Animation|Children|Drama|Musical,755
Enter the Ninja (a.k.a. Ninja I),Audy Geeraert,Action|Drama,756
Dracula Has Risen from the Grave,Patrizio McGannon,Horror|Romance|Thriller,757
"Last of the High Kings, The (a.k.a. Summer Fling)",Essie Fontaine,Comedy|Drama,758
Santa with Muscles,Tatiania Goodluck,Comedy,759
"What's Up, Doc?",Kissee Hamblen,Comedy,760
Rock the Boat,Caleb Winsiowiecki,Animation,761
Dhoondte Reh Jaoge,Jackie Ferrier,Comedy|Drama,762
Return to House on Haunted Hill,Druci Liggins,Horror|Thriller,763
Majesteit,Ekaterina Pressdee,Drama,764
Stealth,Bern Fluin,Action|Adventure|Sci-Fi|Thriller,765
Shirin,Phyllida Rangell,Drama,766
Saw IV,Teddy Hrycek,Crime|Horror|Thriller,767
Nokas,Dyanna Paulitschke,Crime|Thriller,768
"Mikado, The",Mariska Studdeard,Comedy|Musical,769
Itty Bitty Titty Committee,Christian Hinrichs,Comedy|Drama|Romance,770
Going Berserk,Melony Alleyn,Comedy,771
Paranoid Park,Murdoch Regus,Crime|Drama,772
Nekromantik,Patrica Tenney,Comedy|Horror,773
Time Limit,Byrom Thornthwaite,Drama|Mystery|War,774
"Lower Depths, The (Donzoko)",Pansy Butchart,Comedy|Drama,775
Gantz,Terza Blundel,Action|Horror|Sci-Fi,776
Beyond the Door II (Schock) (Shock) (Suspense),Jonis Iddins,Horror,777
Wattstax,Rafaela Grinham,Documentary|Musical,778
"Moon Warriors, The (Zhan shen chuan shuo)",Reuben Gemelli,Action|Adventure,779
Last Tango in Paris (Ultimo tango a Parigi),Edithe Batalle,Drama|Romance,780
Teen Wolf,August Cowie,Comedy|Fantasy,781
Teenage Mutant Ninja Turtles II: The Secret of the Ooze,Fancie Hannabuss,Action|Children|Fantasy,782
Poolboy: Drowning Out the Fury,Lori Cawte,Comedy,783
Nocturna,Jemie Koeppke,Adventure|Animation|Children|Fantasy|Mystery,784
Mother Knows Best,Abbie Dran,Crime|Thriller,785
"Candy Snatchers, The",Yance Murthwaite,Crime|Thriller,786
Kommissarie Späck,Jobye Arstall,Comedy,787
Falling in Love,Kissie Purches,Drama|Romance,788
The Cheat,Michail Dicker,Drama,789
"Black Watch, The",Sherlock Elcomb,Adventure|Drama,790
Off Beat,Viole Figgess,Comedy|Romance,791
Ulysses (Ulisse),Neysa Brunet,Adventure,792
A Master Builder,Kerrin Rainey,Drama,793
Trippin',Harper Mobberley,Comedy,794
Fun is Beautiful,Saree McGifford,Comedy,795
"Big Bad Swim, The",Skye Drysdell,Comedy|Drama,796
I Never Sang for My Father,Lindi Stuckow,Drama,797
"Movie, A",Marie-ann De Michetti,Documentary,798
Heatstroke,Patrizia Klimentyev,Thriller,799
"American Crime, An",Chandler Tingley,Crime,800
Grave of the Fireflies (Hotaru no haka),Kass Chattaway,Animation|Drama|War,801
"Home of Our Own, A",Pace Carnier,Drama,802
The Beast Kills in Cold Blood,Conan McGoogan,Horror|Mystery|Thriller,803
Darfur Now,Revkah Risbie,Documentary,804
Beautiful Darling,Peterus Vallance,Documentary,805
My Amityville Horror,Saleem Coulthard,Documentary,806
"Queen, The",Isador Carette,Drama,807
Villa Rides!,Gilligan Berrie,War|Western,808
"Apparition, The",Bobinette Nuth,Horror|Thriller,809
Zachariah,Zolly Grattan,Comedy|Musical|Western,810
"Sum of Us, The",Ryley Insall,Comedy|Drama,811
One Million B.C.,Jessalin Dibnah,Adventure|Fantasy|Romance|Sci-Fi,812
Modulations,Chris Bendik,Documentary,813
Five,Trudie M'Chirrie,Drama|Horror|Sci-Fi,814
"Foreigner, The",Cayla Toplis,Drama,815
Beyond the Mind's Eye,Lindsay Remer,Animation|Comedy,816
Bad Ronald,Ursula Liddard,Drama|Horror|Thriller,817
Stevie,Chevalier Stebbings,Documentary,818
Love Is a Woman (Death Is a Woman),Dudley Wooder,Crime|Drama|Mystery,819
Changing Lanes,Coralyn Manjin,Drama|Thriller,820
Madonna of the Seven Moons,Trudi Pepperell,Drama|Mystery,821
Balance,Bobby McGroarty,Animation|Drama|Mystery|Sci-Fi|Thriller,822
Ninja Cheerleaders,Alleen Childe,Action|Comedy,823
Luther,Jerrylee Van Geffen,Drama,824
Music Box,Datha MacKeeg,Drama,825
Vacuum-Cleaner Salesmen (Pölynimurikauppiaat),Obadias Thurgood,Documentary,826
Get Smart,Karon Belvard,Action|Comedy,827
Blood and Roses (Et mourir de plaisir) (To Die with Pleasure),Buckie Howley,Horror,828
Morning for the Osone Family,Jon Asken,(no genres listed),829
He Was a Quiet Man,Rosene Baxster,Drama,830
Godzilla vs. Destroyah (Gojira vs. Desutoroiâ) ,Dorthy Finby,Action|Sci-Fi,831
Peggy Sue Got Married,Birk Klus,Comedy|Drama,832
"Love on the Run (Amour en fuite, L')",Kerrie Pragnall,Comedy|Drama|Romance,833
Stand Off,Page Sare,Comedy|Drama,834
Miller's Crossing,Nick Venturoli,Crime|Drama|Film-Noir|Thriller,835
White God (Fehér isten),Sherye Western,Drama,836
"Hot Dog Program, A",Devland Greatrakes,Documentary,837
Meet the Applegates,Norrie Sandon,Comedy,838
Footlight Parade,Marlee Cuckson,Comedy|Musical|Romance,839
Ironclad 2: Battle for Blood,Haskell Hadland,Action|Adventure,840
"O Brother, Where Art Thou?",Joan Aggio,Adventure|Comedy|Crime,841
Dante's Peak,Octavia MacGeffen,Action|Thriller,842
"Snowtown (Snowtown Murders, The)",Pammy Hazeldine,Crime|Drama|Thriller,843
"White Sun of the Desert, The (Beloe solntse pustyni)",Dianna Stanyland,Action|Adventure|Comedy|Drama|Romance|War,844
Sudden Manhattan,Randolph Giblett,Comedy,845
Joe Kidd,Isidoro Buxcy,Western,846
50 First Dates,Katie Dwerryhouse,Comedy|Romance,847
She's All That,Vina Ruilton,Comedy|Romance,848
Paradise,King Rishbrook,Romance,849
Riki-Oh: The Story of Ricky (Lik Wong),Sol Schubbert,Action|Crime|Thriller,850
"Adventures of Baron Munchausen, The",Myca Gemson,Adventure|Comedy|Fantasy,851
Alive Day Memories: Home from Iraq (Occupation Iraq),Celisse McClounan,Documentary,852
"Garfield Christmas Special, A",Barclay Saxelby,Animation|Children|Comedy|Musical,853
"Satan Bug, The",George Cathenod,Sci-Fi|Thriller,854
"Boogie (Boogie, el aceitoso)",Faustina Kollatsch,Action|Animation|Crime,855
Last Man Standing,Dell Coffelt,Action|Crime|Drama|Thriller,856
Lilya 4-Ever (Lilja 4-ever),Celesta Jarley,Crime|Drama,857
How to Lose a Guy in 10 Days,Travis Sapsed,Comedy|Romance,858
Les hautes solitudes,Serene Wheatcroft,(no genres listed),859
Calloused Hands,Chadwick Wickersley,Drama,860
Wing Chun,Carolann Lant,Action|Comedy|Drama|Romance,861
Downeast,Catlin Dayton,Documentary,862
"Amish Murder, An",Therine Tummons,Action|Crime|Drama,863
Wicked Little Things,Rudiger Mattingley,Horror,864
American Samurai (Ninja: American Samurai),Donna Topes,Action,865
Love Exposure,Pamela Klich,Action|Comedy|Drama|Romance,866
"Waterboy, The",Talyah Wimpress,Comedy,867
Gentleman Jim,Bren Salomon,Comedy|Drama|Romance,868
Hotel Pacific (Zaklete rewiry),Alika Ede,Drama,869
Seduced and Abandoned,Kippie Love,Comedy|Documentary,870
Take Aim at the Police Van (Sono gosôsha wo nerae: 'Jûsangô taihisen' yori),Val FitzAlan,Action|Crime|Mystery,871
Three Lives and Only One Death (Trois vies & une seule mort),Cassandry Ivashov,Comedy,872
"Nanny Diaries, The",Aurore Whight,Comedy|Drama|Romance,873
Dementia (a.k.a. Daughter of Horror),Lolly Varfalameev,Horror|Mystery,874
Sleepless in Seattle,Romonda Roller,Comedy|Drama|Romance,875
Black Moon,Deb Gergler,Fantasy|Mystery|Sci-Fi|War,876
Heads,See Bagwell,Comedy|Crime,877
Colorado Avenue,Waiter Link,Drama,878
Made in Dagenham,Lari Lydiatt,Comedy|Drama,879
Halo 4: Forward Unto Dawn,Toddie Canton,Action|Sci-Fi|Thriller,880
Soldier in the Rain,Peyter Pancast,Comedy|Drama,881
Phantom of the Rue Morgue,Oswald Hilary,Crime|Horror|Mystery,882
Girlhood,Skipper Delhanty,Drama,883
Master of the Universe,Chip Benjamin,Documentary,884
Confidence Girl,Christie Woodeson,Crime|Drama|Thriller,885
Is the Man Who Is Tall Happy?,Erda Bettam,Animation|Documentary,886
Goal II: Living the Dream,Dolli Maneylaws,Action|Drama,887
Stonewall Uprising,Erin Cabell,Documentary,888
Dragon Inn (Sun lung moon hak chan),Ayn McCoish,Action,889
Page Eight,Nola Geldart,Drama|Thriller,890
$ellebrity (Sellebrity),Joli Shapcote,Documentary,891
"Golden Thread, The (Subarnarekha)",Althea Happert,Drama,892
"Family Man, The",Gorden Jouanny,Comedy|Drama|Romance,893
Threesome,Austine Van Der Straaten,Comedy|Romance,894
Mountaintop Motel Massacre ,Earl Frewer,Horror|Thriller,895
Shuttle,Jehu Igounet,Crime|Drama|Horror|Thriller,896
Fast Life,Della Stranaghan,Comedy|Romance,897
The Man Who Played God,Hildegarde Petrollo,Drama|Romance,898
Genesis,Tammie Raith,Drama|Horror,899
Miss Julie,Xaviera Wadforth,Drama,900
Carrie,Damiano Gutherson,Drama|Fantasy|Horror|Thriller,901
Free Zone,Brien Jollye,Drama|War,902
Snakehead Terror,Salvador Harnetty,Action|Horror|Sci-Fi|Thriller,903
Game of Death II (a.k.a. Tower of Death) (Si wang ta),Mikaela Kmietsch,Action|Mystery,904
Bathing Beauty,Raf Weine,Comedy|Musical,905
Detropia,Waverly Gergus,Documentary,906
Catching Hell,Merrilee Bunn,Documentary,907
Natural Selection,Oswald Holburn,Comedy|Drama,908
"Ultimate Warrior, The",Isaiah Renols,Action|Sci-Fi|Thriller,909
Just Like Brothers (Comme des frères),Gabi Innwood,Comedy|Drama|Romance,910
"Cheat, The",Percy Leggat,Drama,911
Death Watch (La Mort en Direct),Katherine McGaugey,Drama|Sci-Fi,912
Tell No One (Ne le dis à personne),Miguel Braisted,Crime|Drama|Mystery|Thriller,913
Yonkers Joe,Murdoch Suggett,Drama,914
"Rescuers Down Under, The",Aleece Steinham,Adventure|Animation|Children,915
Vampires Suck,Sybilla Jasik,Comedy,916
Doctor Dolittle,Noelle Danielis,Adventure|Children|Musical,917
"Pretty One, The",Charissa Valentinetti,Comedy|Drama,918
Crash,Weber Bollum,Drama|Thriller,919
Save the Tiger,Jacinda Yukhnev,Drama,920
Superstar,Augustus Franca,Comedy,921
Tokyo Trial (Tokyo saiban),Emmerich Arnold,Documentary,922
Prime Suspect 3,Calla McChesney,Crime|Drama|Mystery,923
Damsels in Distress,Murdoch Veare,Comedy|Romance,924
Dadetown,Robbie Coupar,Drama,925
Celebrity,Marketa Whiffin,Comedy,926
On a Clear Day You Can See Forever,Estrellita Lithcow,Comedy|Musical|Romance,927
Grayeagle,Nelson Andrusov,Adventure|Drama|Romance|Western,928
The Dark Knight,Ahmed Banasiak,Action|Crime|Drama|Thriller,929
Shadrach,Ewan Marrill,Drama,930
Krippendorf's Tribe,Rahel Yelyashev,Comedy,931
"Truth About Cats & Dogs, The",Saunderson Du Hamel,Comedy|Romance,932
Lay the Favorite,Lavinie Foot,Comedy,933
Deep Water,Moise Sacchetti,Documentary,934
"Shop Around the Corner, The",Fonzie Richardson,Comedy|Drama|Romance,935
October Country,Dareen Braisby,Documentary,936
Golden Boy,Maxi Akenhead,Drama,937
Good Neighbor Sam,Tori Wattinham,Comedy,938
Ambition,Henrieta Clampton,Sci-Fi,939
"Oil, the Baby and the Transylvanians, The (Pruncul, petrolul si Ardelenii)",Erny Worsfold,Comedy|Western,940
Cookie,Florencia Hindes,Comedy|Crime,941
Original Gangstas,Devin Weatherell,Crime,942
"Hills Have Eyes II, The",Enoch Seabrooke,Horror|Thriller,943
Blackboards (Takhté Siah),Nikola Shellard,Drama,944
Munyurangabo,Nealson Clymer,Drama,945
Milky Way (Tejút),Deny Mapples,(no genres listed),946
Full Frontal,Hillier Pimm,Comedy|Drama|Romance,947
No Greater Love,Gaile Woolvin,Drama|Romance,948
Benji,Devan Culkin,Adventure|Children,949
Rovaniemen markkinoilla,Silvio Asey,Comedy|Musical,950
Conquest of Space,Christiane Toor,Sci-Fi,951
"Hijack That Went South, The (Kaappari)",Suzi Francillo,Action|Comedy|Crime,952
Big Trouble in Little China,Rowe Grendon,Action|Adventure|Comedy|Fantasy,953
Halloween III: Season of the Witch,Donna Dewire,Horror,954
Good,Angie Cahani,Drama|War,955
Hannah Free,Morgana Pentland,Drama,956
"Help Me, Eros (Bang bang wo ai shen)",Klaus Bedham,Drama,957
Artois the Goat,Gwenny Carnihan,Comedy,958
Panic,Hillie Pude,Action|Thriller,959
DarkBlueAlmostBlack (Azuloscurocasinegro),Drusie Coleby,Drama|Romance,960
New York Minute,Sibyl Flobert,Action|Adventure|Comedy,961
Leviathan,Brett Cardno,Drama,962
Kenny Begins,Charlot Iuorio,Action|Comedy|Sci-Fi,963
By the Sword,Sharline Messer,Drama,964
From Morn to Midnight (Von morgens bis Mitternacht),Devy Mangam,Crime|Drama,965
Gold Diggers of 1935,Chiquita Mandal,Comedy|Musical,966
"Chef in Love, A (Shekvarebuli kulinaris ataserti retsepti)",Ginny Bather,Comedy|Romance,967
Doug's 1st Movie,Melodie Raubheim,Animation|Children,968
Tales from the Gimli Hospital,Milissent Scoates,Fantasy|Horror,969
The Man from Acapulco,Kerr Bestall,Action|Comedy|Fantasy|Romance,970
Never Sleep Again: The Elm Street Legacy,Janene Frude,Documentary,971
Castaway,Ivonne Bucksey,Adventure|Drama,972
Running With Scissors,Cosimo Caddell,Comedy|Drama,973
True Story,Darren Ogles,Drama|Mystery|Thriller,974
Most Wanted,Cyrus Le Monnier,Action|Thriller,975
Albino Farm,Sydelle Baudichon,Horror,976
[REC]²,Jacquette Phelipeaux,Horror|Thriller,977
Footlight Parade,Dasha Baiss,Comedy|Musical|Romance,978
Loft,Stern Camplin,Crime|Drama|Mystery,979
Reagan,Breena Anscott,Documentary,980
"Beast of Yucca Flats, The",Hinze Heijne,Horror|Sci-Fi,981
Across the Pacific,Kendell Skalls,Action|Adventure|Romance|War,982
Hyenas (Hyènes),Pepe Feather,Comedy|Drama,983
"Amish Murder, An",Bessy Palfery,Action|Crime|Drama,984
Covert Action,Irma Culshaw,(no genres listed),985
Arthur 2: On the Rocks,Linda Corns,Comedy|Romance,986
American Dreams in China,Lemmy Lukacs,Comedy|Drama,987
Mountaintop Motel Massacre ,Theodor MacCague,Horror|Thriller,988
Miami Connection,Alica Wyman,Action|Crime,989
"Descent: Part 2, The",Casandra Purshouse,Adventure|Horror|Thriller,990
"Clink of Ice, The (a.k.a.: Sound of Ice Cubes, The) (Le bruit des glaçons)",Shantee Cupitt,Comedy|Drama,991
Torn Curtain,Susie Tutin,Thriller,992
"Garden of Eden, The",Burton Weaben,Drama,993
Losing Chase,Maitilde Lortzing,Drama,994
With Friends Like These...,Ricard Mayor,Comedy,995
Fans,Ody Van Der Walt,Comedy,996
"Carry On, Constable",Owen Kench,Comedy,997
Buckskin Frontier,Marika Kensitt,Action|Western,998
Snow Beast ,Staford Geaveny,Drama|Sci-Fi|Thriller,999
Good News,Aylmer Galbraith,Comedy|Musical|Romance,1000